{"cameraMode":{"drawMode":0,"name":"Shaded","section":"Shading Mode"},"sceneLighting":false,"audioPlay":false,"sceneViewState":{"m_AlwaysRefresh":false,"showFog":true,"showSkybox":false,"showFlares":true,"showImageEffects":true,"showParticleSystems":true,"showVisualEffectGraphs":true,"m_FxEnabled":true},"in2DMode":false,"pivot":{"x":-0.37905922532081606,"y":1.5177643299102784,"z":0.3090920150279999},"rotation":{"x":0.08120575547218323,"y":-0.7100799083709717,"z":0.08302489668130875,"w":0.6944857239723206},"size":2.5883748531341554,"orthographic":true}